entity_id	business_name	business_address	country
S3-00001	Globex Industries Ltd	456 Oak Avenue, Los Angeles, CA 90001	US
S3-00002	Initech Private Limited	789 Park Road, Bengaluru, Karnataka 560001	India
S3-00003	Umbrella Corp	321 Elm St, Chicago, IL 60601	US
S3-00004	Stark Industries Inc	1000 Broadway, San Francisco, CA 94105	US
S3-00005	Wayne Enterprises	1007 Mountain Drive, Gotham, NJ 07001	US
S3-00006	Pied Piper	5230 Newell Road, Palo Alto, CA 94301	US
S3-00007	Hooli Corporation	1 Hooli Way, Mountain View, CA 94043	US
S3-00008	Tata Consultancy Services	Bandra Kurla Complex, Mumbai, Maharashtra 400051	India
S3-00009	Infosys Limited	Electronics City, Hosur Road, Bengaluru 560100	India
S3-00010	Wipro Pvt Ltd	Sarjapur Road, Bengaluru, Karnataka 560035	India
S3-00011	Reliance Industries	Maker Chambers IV, Nariman Point, Mumbai 400021	India
S3-00012	Soylent Corp	450 Sansome St, San Francisco, CA 94111	US
S3-00013	Cyberdyne Systems	18144 El Camino Real, Sunnyvale, CA 94087	US
S3-00014	Tyrell Corporation	Los Angeles, CA	US
S3-00015	Massive Dynamic	2425 George Washington Memorial Hwy, Boston, MA 02134	US
S3-00016	Dunder Mifflin Paper Company	1725 Slough Avenue, Scranton, PA 18503	US
S3-00017	Los Pollos Hermanos	12000 – 12100 Coors Blvd, Albuquerque, NM 87121	US
S3-00018	Sterling Cooper	1271 Avenue of the Americas, New York, NY 10020	US
S3-00019	Bluth Co	1 Lucille Lane, Newport Beach, CA 92663	US
S3-00020	Oscar & Gomez Associates	40 Rue du Faubourg Saint-Honore, Paris 75008	France
S3-00021	Bistro Chez Pierre SARL	12 Avenue des Champs Elysees, Paris 75008	France
S3-00022	Fromage Fort SA	8 Rue de la Paix, Lyon 69002	France
S3-00023	La Boulangerie du Village	25 Grande Rue, Marseille 13001	France
S3-00024	Eiffel Tech Solutions	48 Rue de Rivoli, Paris 75004	France
S3-00025	Acme Corporation	123 Main Street, New York, NY 10001	US
S3-00026	Globex Industries Ltd	456 Oak Avenue, Los Angeles, CA 90001	US
S3-00027	Initech Private Limited	789 Park Rd, Bengaluru, Karnataka 560001	India
S3-00028	Umbrella Corp	321 Elm St, Chicago, IL 60601	US
S3-00029	Stark Industries Inc	1000 Broadway, San Francisco, CA 94105	US
S3-00030	Wayne Enterprises	1007 Mountain Drive, Gotham, NJ 07001	US
S3-00031	Pied Piper Inc	5230 Newell Road, Palo Alto, CA 94301	US
S3-00032	Hooli Corporation	1 Hooli Way, Mountain View, CA 94043	US
S3-00033	Tata Consultancy Services	Bandra Kurla Complex, Mumbai, Maharashtra 400051	India
S3-00034	Infosys Limited	Electronics City, Hosur Road, Bengaluru 560100	India
S3-00035	Wipro Pvt Ltd	Sarjapur Road, Bengaluru, Karnataka 560035	India
S3-00036	Reliance Industries	Maker Chambers IV, Nariman Point, Mumbai 400021	India
S3-00037	Soylent Corp	450 Sansome St, San Francisco, CA 94111	US
S3-00038	Cyberdyne Systems	18144 El Camino Real, Sunnyvale, CA 94087	US
S3-00039	Tyrell Corporation	Los Angeles, CA	US
S3-00040	Massive Dynamic	2425 George Washington Memorial Hwy, Boston, MA 02134	US
S3-00041	Dunder Mifflin Paper Company	1725 Slough Avenue, Scranton, PA 18503	US
S3-00042	Los Pollos Hermanos	12000 – 12100 Coors Blvd, Albuquerque, NM 87121	US
S3-00043	Sterling Cooper	1271 Avenue of the Americas, New York, NY 10020	US
S3-00044	Bluth Company	1 Lucille Lane, Newport Beach, CA 92663	US
S3-00045	Oscar & Gomez Associates	40 Rue du Faubourg Saint-Honore, Paris 75008	France
S3-00046	Bistro Chez Pierre SARL	12 Avenue des Champs Elysees, Paris 75008	France
S3-00047	Fromage Fort SA	8 Rue de la Paix, Lyon 69002	France
S3-00048	La Boulangerie du Village	25 Grande Rue, Marseille 13001	France
S3-00049	Eiffel Tech Solutions	48 Rue de Rivoli, Paris 75004	France
S3-00050	Acme Corporation	123 Main Street, New York, NY 10001	US
S3-00051	Globex Industries Ltd	456 Oak Avenue, Los Angeles, CA 90001	US
S3-00052	Initech Private Limited	789 Park Road, Bengaluru, Karnataka 560001	India
S3-00053	Umbrella Corp	321 Elm St, Chicago, IL 60601	US
S3-00054	Stark Industries Inc	1000 Broadway, San Francisco, CA 94105	US
S3-00055	Wayne Enterprises	1007 Mountain Drive, Gotham, NJ 07001	US
S3-00056	Pied Piper Inc	5230 Newell Road, Palo Alto, CA 94301	US
S3-00057	Hoolioration	1 Hooli Way, Mountain View, CA 94043	US
S3-00058	Tata Consultancy Services	Bandra Kurla Complex, Mumbai, Maharashtra 400051	India
S3-00059	Infosys Limited	Electronics City, Hosur Road, Bengaluru 560100	India
S3-00060	Wipro Pvt Ltd	Sarjapur Road, Bengaluru, Karnataka 560035	India
